[{"id":1,"name":"Anna Baier","email":"AnnaBaier@einrot.com","phone":"081 581 92 35","priority":"Tief","service":"Kleiner Service","create_date":"2022-11-13T18:12:43.511Z","pickup_date":"2022-11-25T18:12:43.511Z"},{"id":2,"name":"Swen Möller","email":"SwenMoeller@gmail.com","phone":"041 371 23 67","priority":"Standard","service":"Grosser Service","create_date":"2022-11-15T18:07:43.511Z","pickup_date":"2022-11-22T18:07:43.511Z"},{"id":3,"name":"Andrea Beckenbauer","email":"AndreaBeckenbauer@green.com","phone":"071 864 60 84","priority":"Express","service":"Heisswachsen","create_date":"2022-12-01T18:12:43.511Z","pickup_date":"2022-12-06T18:50:43.511Z"}]